1101,台泥,TSE,M11A 水泥製造
1102,亞泥,TSE,M11A 水泥製造
1103,嘉泥,TSE,M11A 水泥製造
1104,環泥,TSE,M11A 水泥製造
1108,幸福,TSE,M11A 水泥製造
1109,信大,TSE,M11A 水泥製造
1110,東泥,TSE,M11A 水泥製造
1201,味全,TSE,M12C 飲料乳品
1203,味王,TSE,M12Z 其他食品
1210,大成,TSE,M12B 油脂飼料
1213,大飲,TSE,M12C 飲料乳品
1215,卜蜂,TSE,M12B 油脂飼料
1216,統一,TSE,M12C 飲料乳品
1217,愛之味,TSE,M12A 罐頭加工
1218,泰山,TSE,M12B 油脂飼料
1219,福壽,TSE,M12B 油脂飼料
1220,台榮,TSE,M12B 油脂飼料
1225,福懋油,TSE,M12B 油脂飼料
1227,佳格,TSE,M12Z 其他食品
1229,聯華,TSE,M12B 油脂飼料
1231,聯華食,TSE,M12Z 其他食品
1232,大統益,TSE,M12B 油脂飼料
1233,天仁,TSE,M12Z 其他食品
1234,黑松,TSE,M12C 飲料乳品
1235,興泰,TSE,M12B 油脂飼料
1236,宏亞,TSE,M12Z 其他食品
1240,茂生農經,OTC,M12B 油脂飼料
1256,鮮活果汁-KY,TSE,M12C 飲料乳品
1258,其祥-KY,OTC,M12Z 其他食品
1259,安心,OTC,M27A2 餐飲業
1264,德麥,OTC,M12Z 其他食品
1268,漢來美食,OTC,M27A2 餐飲業
1301,台塑,TSE,M13A1 泛用塑膠
1303,南亞,TSE,M13A1 泛用塑膠
1304,台聚,TSE,M13A1 泛用塑膠
1305,華夏,TSE,M13A1 泛用塑膠
1307,三芳,TSE,M13A6 合成皮
1308,亞聚,TSE,M13A1 泛用塑膠
1309,台達化,TSE,M13A1 泛用塑膠
1310,台苯,TSE,M13A1 泛用塑膠
1312,國喬,TSE,M13A1 泛用塑膠
1313,聯成,TSE,M13A7 可塑劑
1314,中石化,TSE,M13A5 化纖
1315,達新,TSE,M13A8 塑膠加工
1316,上曜,TSE,M25A 建設
1319,東陽,TSE,M15D 汽車組件
1321,大洋,TSE,M13A8 塑膠加工
1323,永裕,TSE,M13A8 塑膠加工
1324,地球,TSE,M13A9 膠帶
1325,恒大,TSE,M14F 不織布
1326,台化,TSE,M13A1 泛用塑膠
1336,台翰,OTC,M23D9A 沖壓零組件
1337,再生-KY,TSE,M13B 塑膠製品
1338,廣華-KY,TSE,M15D 汽車組件
1339,昭輝,TSE,M15D 汽車組件
1340,勝悅-KY,TSE,M13B 塑膠製品
1341,富林-KY,TSE,M13A6 合成皮
1342,八貫,TSE,M13B 塑膠製品
1402,遠東新,TSE,M14A1 聚酯絲棉
1409,新纖,TSE,M14A1 聚酯絲棉
1410,南染,TSE,M14E 染整
1413,宏洲,TSE,M14A2 加工絲
1414,東和,TSE,M14B1 聚酯紗棉紗
1416,廣豐,TSE,M29A1 百貨及Mall
1417,嘉裕,TSE,M14C1 成衣製造
1418,東華,TSE,M14B2 亞克力纖維
1419,新紡,TSE,M14C2 織布
1423,利華,TSE,M14D2 毛紡
1432,大魯閣,TSE,M29A1 百貨及Mall
1434,福懋,TSE,M14C2 織布
1435,中福,TSE,M23KX 其他網通
1436,華友聯,TSE,M25A 建設
1437,勤益控,TSE,M25F 物業管理
1438,三地開發,TSE,M25A 建設
1439,中和,TSE,M14D2 毛紡
1440,南紡,TSE,M14A1 聚酯絲棉
1441,大東,TSE,M14B1 聚酯紗棉紗
1442,名軒,TSE,M25A 建設
1443,立益,TSE,M26C 貨運倉儲業
1444,力麗,TSE,M14A2 加工絲
1445,大宇,TSE,M14C2 織布
1446,宏和,TSE,M14C2 織布
1447,力鵬,TSE,M14A7 尼龍絲
1449,佳和,TSE,M14C2 織布
1451,年興,TSE,M14C1 成衣製造
1452,宏益,TSE,M14A2 加工絲
1453,大將,TSE,M25A 建設
1454,台富,TSE,M14C2 織布
1455,集盛,TSE,M14A7 尼龍絲
1456,怡華,TSE,M25A 建設
1457,宜進,TSE,M14A2 加工絲
1459,聯發,TSE,M14A2 加工絲
1460,宏遠,TSE,M14C2 織布
1463,強盛,TSE,M14E 染整
1464,得力,TSE,M14C2 織布
1465,偉全,TSE,M14C2 織布
1466,聚隆,TSE,M14A7 尼龍絲
1467,南緯,TSE,M14C1 成衣製造
1468,昶和,TSE,M14C2 織布
1470,大統新創,TSE,M14E 染整
1471,首利,TSE,M23D3 電源供應器
1472,三洋實業,TSE,M25B 營造
1473,台南,TSE,M14C1 成衣製造
1474,弘裕,TSE,M14C2 織布
1475,業旺,TSE,M14C2 織布
1476,儒鴻,TSE,M14C1 成衣製造
1477,聚陽,TSE,M14C1 成衣製造
1503,士電,TSE,M15B1 電機
1504,東元,TSE,M15B1 電機
1506,正道,TSE,M15D 汽車組件
1512,瑞利,TSE,M15D 汽車組件
1513,中興電,TSE,M15B1 電機
1514,亞力,TSE,M15B1 電機
1515,力山,TSE,M15Z 其他電製品
1516,川飛,TSE,M99ZC 其他製造業
1517,利奇,TSE,M15E 自行車組件
1519,華城,TSE,M15B1 電機
1521,大億,TSE,M15D 汽車組件
1522,堤維西,TSE,M15D 汽車組件
1524,耿鼎,TSE,M15D 汽車組件
1525,江申,TSE,M15D 汽車組件
1526,日馳,TSE,M15E 自行車組件
1527,鑽全,TSE,M15A1 工具機
1528,恩德,TSE,M15A1 工具機
1529,樂士,TSE,M15B1 電機
1530,亞崴,TSE,M15A1 工具機
1531,高林股,TSE,M15A3 紡織工具機
1532,勤美,TSE,M15A2 模具零件
1533,車王電,TSE,M15D 汽車組件
1535,中宇,TSE,M15B2 機電工程
1536,和大,TSE,M15D 汽車組件
1537,廣隆,TSE,M23D7 二次電池
1538,正峰,TSE,M15A1 工具機
1539,巨庭,TSE,M15A1 工具機
1540,喬福,TSE,M15A1 工具機
1541,錩泰,TSE,M15A1 工具機
1558,伸興,TSE,M15A3 紡織工具機
1560,中砂,TSE,M15A2 模具零件
1565,精華,OTC,M17G 醫療耗材
1568,倉佑,TSE,M15D 汽車組件
1569,濱川,OTC,M23D4 機殼
1570,力肯,OTC,M15A1 工具機
1580,新麥,OTC,M15Z 其他電製品
1582,信錦,TSE,M23D9A 沖壓零組件
1583,程泰,TSE,M15A1 工具機
1584,精剛,OTC,M20A6 不鏽鋼
1586,和勤,OTC,M23D9A 沖壓零組件
1587,吉茂,TSE,M15D 汽車組件
1589,永冠-KY,TSE,M15A2 模具零件
1590,亞德客-KY,TSE,M15A2 模具零件
1591,駿吉-KY,OTC,M15A1 工具機
1593,祺驊,OTC,M15Z 其他電製品
1595,川寶,OTC,M23H2 電機設備
1597,直得,TSE,M15A2 模具零件
1598,岱宇,TSE,M15Z 其他電製品
1599,宏佳騰,OTC,M22A 汽車製造
1603,華電,TSE,M16 電線
1604,聲寶,TSE,M15C1 家電
1605,華新,TSE,M16 電線
1608,華榮,TSE,M16 電線
1609,大亞,TSE,M16 電線
1611,中電,TSE,M15C4 照明
1612,宏泰,TSE,M16 電線
1614,三洋電,TSE,M15C1 家電
1615,大山,TSE,M16 電線
1616,億泰,TSE,M16 電線
1617,榮星,TSE,M16 電線
1618,合機,TSE,M16 電線
1626,艾美特-KY,TSE,M15C1 家電
1701,中化,TSE,M17C1 製藥
1702,南僑,TSE,M12B 油脂飼料
1707,葡萄王,TSE,M17C2 機能性食品
1708,東鹼,TSE,M17Z 其他化學
1709,和益,TSE,M17E1 清潔劑原料
1710,東聯,TSE,M13A5 化纖
1711,永光,TSE,M17B 染料及顏料
1712,興農,TSE,M17C3 農藥肥料
1713,國化,TSE,M17B 染料及顏料
1714,和桐,TSE,M17E1 清潔劑原料
1717,長興,TSE,M17F 樹脂
1718,中纖,TSE,M13A5 化纖
1720,生達,TSE,M17C1 製藥
1721,三晃,TSE,M17F 樹脂
1722,台肥,TSE,M17C3 農藥肥料
1723,中碳,TSE,M17Z 其他化學
1725,元禎,TSE,M17Z 其他化學
1726,永記,TSE,M17B 染料及顏料
1727,中華化,TSE,M17Z 其他化學
1730,花仙子,TSE,M17E2 清潔用品
1731,美吾華,TSE,M17C1 製藥
1732,毛寶,TSE,M17E2 清潔用品
1733,五鼎,TSE,M17G 醫療耗材
1734,杏輝,TSE,M17C1 製藥
1735,日勝化,TSE,M17F 樹脂
1736,喬山,TSE,M15Z 其他電製品
1737,臺鹽,TSE,M12Z 其他食品
1742,台蠟,OTC,M17Z 其他化學
1752,南光,TSE,M17C1 製藥
1760,寶齡富錦,TSE,M17C1 製藥
1762,中化生,TSE,M17C1 製藥
1773,勝一,TSE,M17Z 其他化學
1776,展宇,TSE,M17F 樹脂
1777,生泰,OTC,M17C1 製藥
1781,合世,OTC,M17G 醫療耗材
1783,和康生,TSE,M17G 醫療耗材
1784,訊聯,OTC,M17H 生物科技
1785,光洋科,OTC,M99L1 貴金屬回收
1786,科妍,TSE,M17G 醫療耗材
1788,杏昌,OTC,M17G 醫療耗材
1789,神隆,TSE,M17C1 製藥
1795,美時,TSE,M17C1 製藥
1796,金穎生技,OTC,M17C2 機能性食品
1799,易威,OTC,M17C1 製藥
1802,台玻,TSE,M18 玻璃陶瓷
1805,寶徠,TSE,M25A 建設
1806,冠軍,TSE,M18 玻璃陶瓷
1808,潤隆,TSE,M25A 建設
1809,中釉,TSE,M18 玻璃陶瓷
1810,和成,TSE,M18 玻璃陶瓷
1813,寶利徠,OTC,M17G 醫療耗材
1815,富喬,OTC,M23B3B 玻纖紗布
1817,凱撒衛,TSE,M18 玻璃陶瓷
1903,士紙,TSE,M19A 造紙
1904,正隆,TSE,M19A 造紙
1905,華紙,TSE,M19B 紙漿
1906,寶隆,TSE,M19A 造紙
1907,永豐餘,TSE,M19A 造紙
1909,榮成,TSE,M19A 造紙
2002,中鋼,TSE,M20A3 鋼板
2006,東和鋼鐵,TSE,M20A2 鋼筋
2007,燁興,TSE,M20A1 線材
2008,高興昌,TSE,M20A7 鋼管
2009,第一銅,TSE,M20A4 銅
2010,春源,TSE,M20A3 鋼板
2012,春雨,TSE,M20A1 線材
2013,中鋼構,TSE,M20A2 鋼筋
2014,中鴻,TSE,M20A3 鋼板
2015,豐興,TSE,M20A2 鋼筋
2017,官田鋼,TSE,M20A1 線材
2020,美亞,TSE,M20A7 鋼管
2022,聚亨,TSE,M20A1 線材
2023,燁輝,TSE,M20A3 鋼板
2024,志聯,TSE,M20A1 線材
2025,千興,TSE,M20A6 不鏽鋼
2027,大成鋼,TSE,M20A6 不鏽鋼
2028,威致,TSE,M20A2 鋼筋
2029,盛餘,TSE,M20A3 鋼板
2030,彰源,TSE,M20A7 鋼管
2031,新光鋼,TSE,M20A3 鋼板
2032,新鋼,TSE,M20A6 不鏽鋼
2033,佳大,TSE,M20A1 線材
2034,允強,TSE,M20A7 鋼管
2035,唐榮,OTC,M20A6 不鏽鋼
2038,海光,TSE,M20A2 鋼筋
2049,上銀,TSE,M15A2 模具零件
2059,川湖,TSE,M20B 金屬製品
2061,風青,OTC,M20A4 銅
2062,橋椿,TSE,M99B 五金及家具
2063,世鎧,OTC,M20A1 線材
2064,晉椿,OTC,M20A1 線材
2065,世豐,OTC,M20A1 線材
2066,世德,OTC,M15D 汽車組件
2067,嘉鋼,OTC,M15A2 模具零件
2069,運錩,TSE,M20A6 不鏽鋼
2070,精湛,OTC,M15H 儀器設備
2101,南港,TSE,M21A 輪胎
2102,泰豐,TSE,M21A 輪胎
2103,台橡,TSE,M21C 橡膠原料
2104,國際中橡,TSE,M21C 橡膠原料
2105,正新,TSE,M21A 輪胎
2106,建大,TSE,M21A 輪胎
2107,厚生,TSE,M21B2 其他橡膠
2108,南帝,TSE,M21C 橡膠原料
2109,華豐,TSE,M21A 輪胎
2114,鑫永銓,TSE,M21B1 工業橡膠
2115,六暉-KY,TSE,M15D 汽車組件
2201,裕隆,TSE,M22A 汽車製造
2204,中華,TSE,M22A 汽車製造
2206,三陽工業,TSE,M22A 汽車製造
2207,和泰車,TSE,M22X 汽車買賣
2208,台船,TSE,M22B1 船舶製造
2211,長榮鋼,TSE,M20A2 鋼筋
2221,大甲,OTC,M20A7 鋼管
2227,裕日車,TSE,M22X 汽車買賣
2228,劍麟,TSE,M15D 汽車組件
2230,泰茂,OTC,M15D 汽車組件
2231,為升,TSE,M15D 汽車組件
2233,宇隆,TSE,M15D 汽車組件
2235,謚源,OTC,M15D 汽車組件
2236,百達-KY,TSE,M15D 汽車組件
2239,英利-KY,TSE,M15D 汽車組件
2241,艾姆勒,TSE,M15D 汽車組件
2243,宏旭-KY,TSE,M15D 汽車組件
2247,汎德永業,TSE,M22X 汽車買賣
2250,IKKA-KY,TSE,M15D 汽車組件
2301,光寶科,TSE,M23C3 PC週邊
2302,麗正,TSE,M23D1 分離式元件
2303,聯電,TSE,M23G1A 晶圓代工
2305,全友,TSE,M23C2 影像掃描
2308,台達電,TSE,M23D3 電源供應器
2312,金寶,TSE,M23A1 EMS
2313,華通,TSE,M23B2D 硬板及其他
2314,台揚,TSE,M23K2 衛星微波
2316,楠梓電,TSE,M23B2D 硬板及其他
2317,鴻海,TSE,M23A1 EMS
2321,東訊,TSE,M23KX 其他網通
2323,中環,TSE,M23C4A 光碟
2324,仁寶,TSE,M23A1 EMS
2327,國巨,TSE,M23D5 被動元件
2328,廣宇,TSE,M23D2 連接器
2329,華泰,TSE,M23G2 IC封測
2330,台積電,TSE,M23G1A 晶圓代工
2331,精英,TSE,M23B1 主機板
2332,友訊,TSE,M23E2 網路卡
2337,旺宏,TSE,M23G1B 記憶體製造
2338,光罩,TSE,M23G6 其他半導體
2340,台亞,TSE,M23C6B 磊晶及晶粒
2342,茂矽,TSE,M23G1A 晶圓代工
2344,華邦電,TSE,M23G1B 記憶體製造
2345,智邦,TSE,M23E2 網路卡
2347,聯強,TSE,M23T1 3C通路
2348,海悅,TSE,M25A 建設
2349,錸德,TSE,M23C4A 光碟
2351,順德,TSE,M23G4 IC導線架
2352,佳世達,TSE,M23C1 顯示器
2353,宏碁,TSE,M23A3 PC品牌
2354,鴻準,TSE,M23D4 機殼
2355,敬鵬,TSE,M23B2D 硬板及其他
2356,英業達,TSE,M23A1 EMS
2357,華碩,TSE,M23A3 PC品牌
2358,廷鑫,TSE,M20A5 鋁鋅
2359,所羅門,TSE,M23T2 零組件代理
2360,致茂,TSE,M23H2 電機設備
2362,藍天,TSE,M23A2 泛用電腦
2363,矽統,TSE,M23G5 IC設計
2364,倫飛,TSE,M23A2 泛用電腦
2365,昆盈,TSE,M23C3 PC週邊
2367,燿華,TSE,M23B2D 硬板及其他
2368,金像電,TSE,M23B2D 硬板及其他
2369,菱生,TSE,M23G2 IC封測
2371,大同,TSE,M15B1 電機
2373,震旦行,TSE,M23T1 3C通路
2374,佳能,TSE,M23UZ 消費性電子
2375,凱美,TSE,M23D5 被動元件
2376,技嘉,TSE,M23B1 主機板
2377,微星,TSE,M23B1 主機板
2379,瑞昱,TSE,M23G5 IC設計
2380,虹光,TSE,M23C2 影像掃描
2382,廣達,TSE,M23A1 EMS
2383,台光電,TSE,M23B3A 銅箔基板
2385,群光,TSE,M23C3 PC週邊
2387,精元,TSE,M23C3 PC週邊
2388,威盛,TSE,M23G5 IC設計
2390,云辰,TSE,M23C9 安全監控
2392,正崴,TSE,M23D2 連接器
2393,億光,TSE,M23C6C 封裝及應用
2395,研華,TSE,M23B5B 工業電腦
2397,友通,TSE,M23B5B 工業電腦
2399,映泰,TSE,M23B1 主機板
2401,凌陽,TSE,M23G5 IC設計
2402,毅嘉,TSE,M23B2C 軟板
2404,漢唐,TSE,M23H1 廠辦機電
2405,浩鑫,TSE,M23A2 泛用電腦
2406,國碩,TSE,M23C7B 太陽能晶圓
2408,南亞科,TSE,M23G1B 記憶體製造
2409,友達,TSE,M23C8A LCD 面板
2412,中華電,TSE,M23K3 電信及IDC
2413,環科,TSE,M23D3 電源供應器
2414,精技,TSE,M23T1 3C通路
2415,錩新,TSE,M23U2 聲學產品
2417,圓剛,TSE,M23B4B 電視卡
2419,仲琦,TSE,M23E1 數據機
2420,新巨,TSE,M23D3 電源供應器
2421,建準,TSE,M23D9B 散熱零組件
2423,固緯,TSE,M23H2 電機設備
2424,隴華,TSE,M23KX 其他網通
2425,承啟,TSE,M23B4A 繪圖卡
2426,鼎元,TSE,M23C6B 磊晶及晶粒
2427,三商電,TSE,M23X1 系統整合
2428,興勤,TSE,M23D5 被動元件
2429,銘旺科,TSE,M23CZ2 其他顯示
2430,燦坤,TSE,M23T1 3C通路
2431,聯昌,TSE,M23D3 電源供應器
2433,互盛電,TSE,M23T1 3C通路
2434,統懋,TSE,M23D1 分離式元件
2436,偉詮電,TSE,M23G5 IC設計
2438,翔耀,TSE,M23C8C LCD 原料
2439,美律,TSE,M23U2 聲學產品
2440,太空梭,TSE,M23D2 連接器
2441,超豐,TSE,M23G2 IC封測
2442,新美齊,TSE,M25A 建設
2443,昶虹,TSE,M99ZC 其他製造業
2444,兆勁,TSE,M23E1 數據機
2449,京元電子,TSE,M23G2 IC封測
2450,神腦,TSE,M23T1 3C通路
2451,創見,TSE,M23G3B 記憶體模組
2453,凌群,TSE,M23X1 系統整合
2454,聯發科,TSE,M23G5 IC設計
2455,全新,TSE,M23G3A 化合物SEMI
2457,飛宏,TSE,M23D3 電源供應器
2458,義隆,TSE,M23G5 IC設計
2459,敦吉,TSE,M23T2 零組件代理
2460,建通,TSE,M23D2 連接器
2461,光群雷,TSE,M13A8 塑膠加工
2462,良得電,TSE,M23D2 連接器
2464,盟立,TSE,M23H1 廠辦機電
2465,麗臺,TSE,M23B4A 繪圖卡
2466,冠西電,TSE,M23C6C 封裝及應用
2467,志聖,TSE,M23H2 電機設備
2468,華經,TSE,M23X1 系統整合
2471,資通,TSE,M23X1 系統整合
2472,立隆電,TSE,M23D5 被動元件
2474,可成,TSE,M23D4 機殼
2476,鉅祥,TSE,M23D9A 沖壓零組件
2477,美隆電,TSE,M23U2 聲學產品
2478,大毅,TSE,M23D5 被動元件
2480,敦陽科,TSE,M23X1 系統整合
2481,強茂,TSE,M23D1 分離式元件
2482,連宇,TSE,M23C3 PC週邊
2483,百容,TSE,M23D9A 沖壓零組件
2484,希華,TSE,M23D6 石英元件
2485,兆赫,TSE,M23K2 衛星微波
2486,一詮,TSE,M23D9C 光電導線架
2488,漢平,TSE,M23U2 聲學產品
2489,瑞軒,TSE,M23C1 顯示器
2491,吉祥全,TSE,M15C4 照明
2492,華新科,TSE,M23D5 被動元件
2493,揚博,TSE,M23H2 電機設備
2495,普安,TSE,M23C4B 硬碟磁碟
2496,卓越,TSE,M99ZX 其他服務業
2497,怡利電,TSE,M15D 汽車組件
2498,宏達電,TSE,M23KX 其他網通
2501,國建,TSE,M25A 建設
2504,國產,TSE,M11B 預拌混凝土
2505,國揚,TSE,M25A 建設
2506,太設,TSE,M25A 建設
2509,全坤建,TSE,M25A 建設
2511,太子,TSE,M25A 建設
2514,龍邦,TSE,M25A 建設
2515,中工,TSE,M25B 營造
2516,新建,TSE,M25B 營造
2520,冠德,TSE,M25A 建設
2524,京城,TSE,M25A 建設
2527,宏璟,TSE,M25A 建設
2528,皇普,TSE,M25A 建設
2530,華建,TSE,M25A 建設
2534,宏盛,TSE,M25A 建設
2535,達欣工,TSE,M25B 營造
2536,宏普,TSE,M25A 建設
2537,聯上發,TSE,M25A 建設
2538,基泰,TSE,M25A 建設
2539,櫻花建,TSE,M25A 建設
2540,愛山林,TSE,M25A 建設
2542,興富發,TSE,M25A 建設
2543,皇昌,TSE,M25B 營造
2545,皇翔,TSE,M25A 建設
2546,根基,TSE,M25B 營造
2547,日勝生,TSE,M25A 建設
2548,華固,TSE,M25A 建設
2596,綠意,OTC,M25A 建設
2597,潤弘,TSE,M25B 營造
2601,益航,TSE,M26A1 散裝輪
2603,長榮,TSE,M26A2 貨櫃輪
2605,新興,TSE,M26A1 散裝輪
2606,裕民,TSE,M26A1 散裝輪
2607,榮運,TSE,M26C 貨運倉儲業
2608,嘉里大榮,TSE,M26C 貨運倉儲業
2609,陽明,TSE,M26A2 貨櫃輪
2610,華航,TSE,M26D 空運業
2611,志信,TSE,M26C 貨運倉儲業
2612,中航,TSE,M26A1 散裝輪
2613,中櫃,TSE,M26C 貨運倉儲業
2614,東森,TSE,M26E 其他運儲業
2615,萬海,TSE,M26A2 貨櫃輪
2616,山隆,TSE,M99D1 加油站
2617,台航,TSE,M26A1 散裝輪
2618,長榮航,TSE,M26D 空運業
2630,亞航,TSE,M22B3 航空器製造
2633,台灣高鐵,TSE,M26B2 鐵路運輸
2634,漢翔,TSE,M22B3 航空器製造
2636,台驊投控,TSE,M26C 貨運倉儲業
2637,慧洋-KY,TSE,M26A1 散裝輪
2640,大車隊,OTC,M26B1 汽車陸運
2641,正德,OTC,M26A1 散裝輪
2642,宅配通,TSE,M26C 貨運倉儲業
2643,捷迅,OTC,M26C 貨運倉儲業
2701,萬企,TSE,M27A1 飯店業
2702,華園,TSE,M27A1 飯店業
2704,國賓,TSE,M27A1 飯店業
2705,六福,TSE,M27A1 飯店業
2706,第一店,TSE,M27A1 飯店業
2707,晶華,TSE,M27A1 飯店業
2712,遠雄來,TSE,M27A1 飯店業
2718,晶悅,OTC,M25A 建設
2719,燦星旅,OTC,M27C 旅行社
2722,夏都,TSE,M27A1 飯店業
2723,美食-KY,TSE,M27A2 餐飲業
2724,富驛-KY,OTC,M27A1 飯店業
2726,雅茗-KY,OTC,M27A2 餐飲業
2727,王品,TSE,M27A2 餐飲業
2729,瓦城,OTC,M27A2 餐飲業
2731,雄獅,TSE,M27C 旅行社
2732,六角,OTC,M27A2 餐飲業
2734,易飛網,OTC,M27C 旅行社
2736,富野,OTC,M27A1 飯店業
2739,寒舍,TSE,M27A1 飯店業
2740,天蔥,OTC,M27A2 餐飲業
2743,山富,OTC,M27C 旅行社
2745,五福,OTC,M27C 旅行社
2748,雲品,TSE,M27A1 飯店業
2752,豆府,OTC,M27A2 餐飲業
2753,八方雲集,TSE,M27A2 餐飲業
2754,亞洲藏壽司,OTC,M27A2 餐飲業
2755,揚秦,OTC,M27A2 餐飲業
2756,聯發國際,OTC,M27A2 餐飲業
2801,彰銀,TSE,M28A 本國銀行
2809,京城銀,TSE,M28A 本國銀行
2812,台中銀,TSE,M28A 本國銀行
2816,旺旺保,TSE,M28J 產險業
2820,華票,TSE,M28F 票券公司
2832,台產,TSE,M28J 產險業
2834,臺企銀,TSE,M28A 本國銀行
2836,高雄銀,TSE,M28A 本國銀行
2838,聯邦銀,TSE,M28A 本國銀行
2841,台開,TSE,M25B 營造
2845,遠東銀,TSE,M28A 本國銀行
2849,安泰銀,TSE,M28A 本國銀行
2850,新產,TSE,M28J 產險業
2851,中再保,TSE,M28J 產險業
2852,第一保,TSE,M28J 產險業
2855,統一證,TSE,M30A 證券
2867,三商壽,TSE,M28I 壽險業
2880,華南金,TSE,M28L 金融控股
2881,富邦金,TSE,M28L 金融控股
2882,國泰金,TSE,M28L 金融控股
2883,開發金,TSE,M28L 金融控股
2884,玉山金,TSE,M28L 金融控股
2885,元大金,TSE,M28L 金融控股
2886,兆豐金,TSE,M28L 金融控股
2887,台新金,TSE,M28L 金融控股
2888,新光金,TSE,M28L 金融控股
2889,國票金,TSE,M28L 金融控股
2890,永豐金,TSE,M28L 金融控股
2891,中信金,TSE,M28L 金融控股
2892,第一金,TSE,M28L 金融控股
2897,王道銀行,TSE,M28A 本國銀行
2901,欣欣,TSE,M29A1 百貨及Mall
2903,遠百,TSE,M29A1 百貨及Mall
2904,匯僑,TSE,M26C 貨運倉儲業
2905,三商,TSE,M29A9 其他零售
2906,高林,TSE,M29B 貿易業
2908,特力,TSE,M29B 貿易業
2910,統領,TSE,M29A1 百貨及Mall
2911,麗嬰房,TSE,M29A9 其他零售
2912,統一超,TSE,M29A4 便利商店
2913,農林,TSE,M29B 貿易業
2915,潤泰全,TSE,M29A2 量販
2916,滿心,OTC,M29A9 其他零售
2923,鼎固-KY,TSE,M25A 建設
2924,東凌-KY,OTC,M29A9 其他零售
2926,誠品生活,OTC,M29A1 百貨及Mall
2929,淘帝-KY,TSE,M29A1 百貨及Mall
2936,客思達-KY,TSE,M29B 貿易業
2937,集雅社,OTC,M23T1 3C通路
2939,凱羿-KY,TSE,M29B 貿易業
2945,三商家購,TSE,M29A3 超市
2947,振宇五金,OTC,M29A7 批發
3002,歐格,TSE,M23D3 電源供應器
3003,健和興,TSE,M23D2 連接器
3004,豐達科,TSE,M22B3 航空器製造
3005,神基,TSE,M23D4 機殼
3006,晶豪科,TSE,M23G5 IC設計
3008,大立光,TSE,M23U1 光學鏡頭
3010,華立,TSE,M23T2 零組件代理
3011,今皓,TSE,M23D2 連接器
3013,晟銘電,TSE,M23D4 機殼
3014,聯陽,TSE,M23G5 IC設計
3015,全漢,TSE,M23D3 電源供應器
3016,嘉晶,TSE,M23G3C 晶圓材料
3017,奇鋐,TSE,M23D9B 散熱零組件
3018,同開,TSE,M23H1 廠辦機電
3019,亞光,TSE,M23U1 光學鏡頭
3021,鴻名,TSE,M23D2 連接器
3022,威強電,TSE,M23B5B 工業電腦
3023,信邦,TSE,M23D2 連接器
3024,憶聲,TSE,M15C1 家電
3025,星通,TSE,M23E2 網路卡
3026,禾伸堂,TSE,M23D5 被動元件
3027,盛達,TSE,M23KX 其他網通
3028,增你強,TSE,M23T2 零組件代理
3029,零壹,TSE,M23X9 應用軟體
3030,德律,TSE,M23H2 電機設備
3031,佰鴻,TSE,M23C6C 封裝及應用
3032,偉訓,TSE,M23D4 機殼
3033,威健,TSE,M23T2 零組件代理
3034,聯詠,TSE,M23G5 IC設計
3035,智原,TSE,M23G5 IC設計
3036,文曄,TSE,M23T2 零組件代理
3037,欣興,TSE,M23B2D 硬板及其他
3038,全台,TSE,M23C8D LCD-其他
3040,遠見,TSE,M25F 物業管理
3041,揚智,TSE,M23G5 IC設計
3042,晶技,TSE,M23D6 石英元件
3043,科風,TSE,M23D3 電源供應器
3044,健鼎,TSE,M23B2D 硬板及其他
3045,台灣大,TSE,M23K3 電信及IDC
3046,建碁,TSE,M23B1 主機板
3047,訊舟,TSE,M23E1 數據機
3048,益登,TSE,M23T2 零組件代理
3049,和鑫,TSE,M23C8E 觸控面板
3050,鈺德,TSE,M23C4A 光碟
3051,力特,TSE,M23C8C LCD 原料
3052,夆典,TSE,M25A 建設
3054,立萬利,TSE,M23C3 PC週邊
3055,蔚華科,TSE,M23H3 設備通路
3056,總太,TSE,M25A 建設
3057,喬鼎,TSE,M23C4B 硬碟磁碟
3058,立德,TSE,M23D3 電源供應器
3059,華晶科,TSE,M23UZ 消費性電子
3060,銘異,TSE,M23C4B 硬碟磁碟
3062,建漢,TSE,M23E2 網路卡
3064,泰偉,OTC,M23B5B 工業電腦
3066,李洲,OTC,M23C6C 封裝及應用
3067,全域,OTC,M23U2 聲學產品
3071,協禧,OTC,M23D9B 散熱零組件
3073,天方能源,OTC,M23C7E 太陽能系統
3078,僑威,OTC,M23D3 電源供應器
3081,聯亞,OTC,M23G3A 化合物SEMI
3083,網龍,OTC,M23X2 遊戲軟體
3085,新零售,OTC,M23K4 電商及XaaS
3086,華義,OTC,M23X2 遊戲軟體
3088,艾訊,OTC,M23B5B 工業電腦
3089,億杰,OTC,M23D5 被動元件
3090,日電貿,TSE,M23T2 零組件代理
3092,鴻碩,TSE,M23D2 連接器
3093,港建,OTC,M23H3 設備通路
3094,聯傑,TSE,M23G5 IC設計
3095,及成,OTC,M23D4 機殼
3105,穩懋,OTC,M23G3A 化合物SEMI
3114,好德,OTC,M23T2 零組件代理
3115,寶島極,OTC,M23B3X PCB材-其他
3118,進階,OTC,M17G 醫療耗材
3122,笙泉,OTC,M23G5 IC設計
3128,昇銳,OTC,M23C9 安全監控
3130,一零四,TSE,M23K4 電商及XaaS
3131,弘塑,OTC,M23H2 電機設備
3138,耀登,TSE,M23K2 衛星微波
3141,晶宏,OTC,M23G5 IC設計
3147,大綜,OTC,M23X1 系統整合
3149,正達,TSE,M23C8E 觸控面板
3152,璟德,OTC,M23D5 被動元件
3162,精確,OTC,M15E 自行車組件
3163,波若威,OTC,M23K6 光元件模組
3164,景岳,TSE,M17C2 機能性食品
3167,大量,TSE,M23H2 電機設備
3169,亞信,OTC,M23G5 IC設計
3171,新洲,OTC,M13A9 膠帶
3176,基亞,OTC,M17C1 製藥
3178,公準,OTC,M23H2 電機設備
3188,鑫龍騰,OTC,M25A 建設
3189,景碩,TSE,M23B2A IC載板
3191,和進,OTC,M23D9D 其他零組件
3202,樺晟,OTC,M23D2 連接器
3205,佰研,OTC,M17C2 機能性食品
3206,志豐,OTC,M23U2 聲學產品
3207,耀勝,OTC,M23D3 電源供應器
3209,全科,TSE,M23T2 零組件代理
3211,順達,OTC,M23D7 二次電池
3213,茂訊,OTC,M23A2 泛用電腦
3217,優群,OTC,M23D2 連接器
3218,大學光,OTC,M17G 醫療耗材
3219,倚強科,OTC,M23H2 電機設備
3221,台嘉碩,OTC,M23D6 石英元件
3224,三顧,OTC,M23T2 零組件代理
3226,至寶電,OTC,M15D 汽車組件
3227,原相,OTC,M23G5 IC設計
3228,金麗科,OTC,M23G5 IC設計
3229,晟鈦,TSE,M23B2D 硬板及其他
3230,錦明,OTC,M23D4 機殼
3231,緯創,TSE,M23A1 EMS
3232,昱捷,OTC,M23T2 零組件代理
3234,光環,OTC,M23K6 光元件模組
3236,千如,OTC,M23D5 被動元件
3252,海灣,OTC,M27A1 飯店業
3257,虹冠電,TSE,M23G5 IC設計
3259,鑫創,OTC,M23G5 IC設計
3260,威剛,OTC,M23G3B 記憶體模組
3264,欣銓,OTC,M23G2 IC封測
3265,台星科,OTC,M23G2 IC封測
3266,昇陽,TSE,M25A 建設
3268,海德威,OTC,M23G5 IC設計
3272,東碩,OTC,M23C3 PC週邊
3276,宇環,OTC,M23B2C 軟板
3284,太普高,OTC,M99C 印刷
3285,微端,OTC,M23U2 聲學產品
3287,廣寰科,OTC,M23B4B 電視卡
3288,點晶,OTC,M23G5 IC設計
3289,宜特,OTC,M23Z 其他電子
3290,東浦,OTC,M23D9D 其他零組件
3293,鈊象,OTC,M23X2 遊戲軟體
3294,英濟,OTC,M23D4 機殼
3296,勝德,TSE,M23D3 電源供應器
3297,杭特,OTC,M23C9 安全監控
3303,岱稜,OTC,M13A8 塑膠加工
3305,昇貿,TSE,M23B3X PCB材-其他
3306,鼎天,OTC,M23K5 導航定位
3308,聯德,TSE,M23D3 電源供應器
3310,佳穎,OTC,M23D9A 沖壓零組件
3311,閎暉,TSE,M23D9A 沖壓零組件
3312,弘憶股,TSE,M23T2 零組件代理
3313,斐成,OTC,M12B 油脂飼料
3317,尼克森,OTC,M23G5 IC設計
3321,同泰,TSE,M23B2C 軟板
3322,建舜電,OTC,M23D2 連接器
3323,加百裕,OTC,M23D7 二次電池
3324,雙鴻,OTC,M23D9B 散熱零組件
3325,旭品,OTC,M23D4 機殼
3332,幸康,OTC,M23D3 電源供應器
3338,泰碩,TSE,M23D9B 散熱零組件
3339,泰谷,OTC,M23C6B 磊晶及晶粒
3346,麗清,TSE,M23C6C 封裝及應用
3349,寶德,OTC,M23C3 PC週邊
3354,律勝,OTC,M23B3C FCCL
3356,奇偶,TSE,M23C9 安全監控
3357,臺慶科,OTC,M23D5 被動元件
3360,尚立,OTC,M23T2 零組件代理
3362,先進光,OTC,M23U1 光學鏡頭
3363,上詮,OTC,M23K6 光元件模組
3372,典範,OTC,M23G2 IC封測
3373,熱映,OTC,M17G 醫療耗材
3374,精材,OTC,M23G2 IC封測
3376,新日興,TSE,M23D9A 沖壓零組件
3379,彬台,OTC,M15Z 其他電製品
3380,明泰,TSE,M23E2 網路卡
3383,新世紀,TSE,M23C6B 磊晶及晶粒
3388,崇越電,OTC,M23T2 零組件代理
3390,旭軟,OTC,M23B2C 軟板
3402,漢科,OTC,M23H1 廠辦機電
3406,玉晶光,TSE,M23U1 光學鏡頭
3413,京鼎,TSE,M23H2 電機設備
3416,融程電,TSE,M23B5B 工業電腦
3419,譁裕,TSE,M23K2 衛星微波
3426,台興,OTC,M15Z 其他電製品
3432,台端,TSE,M23D2 連接器
3434,哲固,OTC,M23C1 顯示器
3437,榮創,TSE,M23C6C 封裝及應用
3438,類比科,OTC,M23G5 IC設計
3441,聯一光,OTC,M23U1 光學鏡頭
3443,創意,TSE,M23G5 IC設計
3444,利機,OTC,M23T2 零組件代理
3450,聯鈞,TSE,M23K6 光元件模組
3454,晶睿,TSE,M23C9 安全監控
3455,由田,OTC,M23H2 電機設備
3465,進泰電子,OTC,M23U2 聲學產品
3466,致振,OTC,M23K2 衛星微波
3479,安勤,OTC,M23B5B 工業電腦
3481,群創,TSE,M23C8A LCD 面板
3483,力致,OTC,M23D9B 散熱零組件
3484,崧騰,OTC,M23D2 連接器
3489,森寶,OTC,M25A 建設
3490,單井,OTC,M23H2 電機設備
3491,昇達科,OTC,M23K2 衛星微波
3492,長盛,OTC,M23D2 連接器
3494,誠研,TSE,M23T1 3C通路
3498,陽程,OTC,M23H2 電機設備
3499,環天科,OTC,M23K5 導航定位
3501,維熹,TSE,M23D2 連接器
3504,揚明光,TSE,M23CZ1 投影裝置
3508,位速,OTC,M23D4 機殼
3511,矽瑪,OTC,M23D2 連接器
3512,皇龍,OTC,M25A 建設
3515,華擎,TSE,M23B1 主機板
3516,亞帝歐,OTC,M15C4 照明
3518,柏騰,TSE,M23H2 電機設備
3520,華盈,OTC,M23D2 連接器
3521,鴻翊,OTC,M23B5A POS
3522,御頂,OTC,M27A2 餐飲業
3523,迎輝,OTC,M23C8C LCD 原料
3526,凡甲,OTC,M23D2 連接器
3527,聚積,OTC,M23G5 IC設計
3528,安馳,TSE,M23T2 零組件代理
3529,力旺,OTC,M23G5 IC設計
3530,晶相光,TSE,M23G5 IC設計
3531,先益,OTC,M23C8B 背光模組
3532,台勝科,TSE,M23G3C 晶圓材料
3533,嘉澤,TSE,M23D2 連接器
3535,晶彩科,TSE,M23H2 電機設備
3536,誠創,TSE,M23D1 分離式元件
3537,堡達,OTC,M23T2 零組件代理
3540,曜越,OTC,M23D4 機殼
3541,西柏,OTC,M23C3 PC週邊
3543,州巧,TSE,M23D9A 沖壓零組件
3545,敦泰,TSE,M23G5 IC設計
3546,宇峻,OTC,M23X2 遊戲軟體
3548,兆利,OTC,M23D9A 沖壓零組件
3550,聯穎,TSE,M23D2 連接器
3551,世禾,OTC,M23H2 電機設備
3552,同致,OTC,M15D 汽車組件
3555,重鵬,OTC,M17C2 機能性食品
3556,禾瑞亞,OTC,M23G5 IC設計
3557,嘉威,TSE,M99B 五金及家具
3558,神準,OTC,M23E1 數據機
3563,牧德,TSE,M23H2 電機設備
3564,其陽,OTC,M23B5B 工業電腦
3567,逸昌,OTC,M23G2 IC封測
3570,大塚,OTC,M23X9 應用軟體
3576,聯合再生,TSE,M23C7C 太陽能電池
3577,泓格,OTC,M23B5B 工業電腦
3580,友威科,OTC,M23H2 電機設備
3581,博磊,OTC,M23H2 電機設備
3583,辛耘,TSE,M23H2 電機設備
3587,閎康,OTC,M23Z 其他電子
3588,通嘉,TSE,M23G5 IC設計
3591,艾笛森,TSE,M23C6C 封裝及應用
3592,瑞鼎,TSE,M23G5 IC設計
3593,力銘,TSE,M23D4 機殼
3594,磐儀,OTC,M23B5B 工業電腦
3596,智易,TSE,M23E1 數據機
3597,映興,OTC,M23D2 連接器
3605,宏致,TSE,M23D2 連接器
3607,谷崧,TSE,M23D4 機殼
3609,三一東林,OTC,M15C4 照明
3611,鼎翰,OTC,M23B5A POS
3615,安可,OTC,M23C8E 觸控面板
3617,碩天,TSE,M23D3 電源供應器
3622,洋華,TSE,M23C8E 觸控面板
3623,富晶通,OTC,M23C8E 觸控面板
3624,光頡,OTC,M23D5 被動元件
3625,西勝,OTC,M23D7 二次電池
3628,盈正,OTC,M23D3 電源供應器
3629,地心引力,OTC,M23X2 遊戲軟體
3630,新鉅科,OTC,M23U1 光學鏡頭
3631,晟楠,OTC,M23B3X PCB材-其他
3632,研勤,OTC,M23K5 導航定位
3642,駿熠電,OTC,M23C3 PC週邊
3645,達邁,TSE,M23B2C 軟板
3646,艾恩特,OTC,M23D2 連接器
3652,精聯,OTC,M23B5A POS
3653,健策,TSE,M23D9B 散熱零組件
3661,世芯-KY,TSE,M23G5 IC設計
3663,鑫科,OTC,M99L1 貴金屬回收
3664,安瑞-KY,OTC,M23E1 數據機
3665,貿聯-KY,TSE,M23D2 連接器
3666,光耀,OTC,M23C8C LCD 原料
3669,圓展,TSE,M23CZ2 其他顯示
3672,康聯訊,OTC,M23K6 光元件模組
3673,TPK-KY,TSE,M23C8E 觸控面板
3675,德微,OTC,M23D1 分離式元件
3679,新至陞,TSE,M23D9A 沖壓零組件
3680,家登,OTC,M23H2 電機設備
3682,亞太電,TSE,M23K3 電信及IDC
3684,榮昌,OTC,M23K2 衛星微波
3685,元創精密,OTC,M15D 汽車組件
3686,達能,TSE,M23C7B 太陽能晶圓
3687,歐買尬,OTC,M23X2 遊戲軟體
3689,湧德,OTC,M23D2 連接器
3691,碩禾,OTC,M23C7F 其他太陽能
3693,營邦,OTC,M23D4 機殼
3694,海華,TSE,M23K2 衛星微波
3701,大眾控,TSE,M23A1 EMS
3702,大聯大,TSE,M23T2 零組件代理
3703,欣陸,TSE,M25B 營造
3704,合勤控,TSE,M23E1 數據機
3705,永信,TSE,M17C1 製藥
3706,神達,TSE,M23A1 EMS
3707,漢磊,OTC,M23G1A 晶圓代工
3708,上緯投控,TSE,M17F 樹脂
3709,鑫聯大投控,OTC,M23T1 3C通路
3710,連展投控,OTC,M23D2 連接器
3711,日月光投控,TSE,M23G2 IC封測
3712,永崴投控,TSE,M23C2 影像掃描
3713,新晶投控,OTC,M23C7E 太陽能系統
3714,富采,TSE,M23C6B 磊晶及晶粒
4102,永日,OTC,M17C1 製藥
4104,佳醫,TSE,M17G 醫療耗材
4105,東洋,OTC,M17C1 製藥
4106,雃博,TSE,M17G 醫療耗材
4107,邦特,OTC,M17G 醫療耗材
4108,懷特,TSE,M17C1 製藥
4109,加捷生醫,OTC,M17C2 機能性食品
4111,濟生,OTC,M17C1 製藥
4113,聯上,OTC,M25A 建設
4114,健喬,OTC,M17C1 製藥
4116,明基醫,OTC,M17G 醫療耗材
4119,旭富,TSE,M17C1 製藥
4120,友華,OTC,M17C1 製藥
4121,優盛,OTC,M17X 醫藥通路
4123,晟德,OTC,M17C1 製藥
4126,太醫,OTC,M17G 醫療耗材
4127,天良,OTC,M17C2 機能性食品
4128,中天,OTC,M17C1 製藥
4129,聯合,OTC,M17G 醫療耗材
4130,健亞,OTC,M17C1 製藥
4131,晶宇,OTC,M17G 醫療耗材
4133,亞諾法,TSE,M17G 醫療耗材
4137,麗豐-KY,TSE,M17Z 其他化學
4138,曜亞,OTC,M17G 醫療耗材
4139,馬光-KY,OTC,M17H 生物科技
4142,國光生,TSE,M17C1 製藥
4147,中裕,OTC,M17C1 製藥
4148,全宇生技-KY,TSE,M17C3 農藥肥料
4153,鈺緯,OTC,M23C1 顯示器
4154,樂威科-KY,OTC,M17C2 機能性食品
4155,訊映,TSE,M17G 醫療耗材
4157,太景*-KY,OTC,M17C1 製藥
4160,創源,OTC,M17G 醫療耗材
4161,聿新科,OTC,M17G 醫療耗材
4162,智擎,OTC,M17C1 製藥
4163,鐿鈦,OTC,M17G 醫療耗材
4164,承業醫,TSE,M17G 醫療耗材
4167,松瑞藥,OTC,M17C1 製藥
4168,醣聯,OTC,M17C1 製藥
4171,瑞基,OTC,M17G 醫療耗材
4173,久裕,OTC,M17C1 製藥
4174,浩鼎,OTC,M17C1 製藥
4175,杏一,OTC,M17X 醫藥通路
4183,福永生技,OTC,M17G 醫療耗材
4188,安克,OTC,M17G 醫療耗材
4190,佐登-KY,TSE,M17Z 其他化學
4192,杏國,OTC,M17C1 製藥
4198,欣大健康,OTC,M17G 醫療耗材
4205,中華食,OTC,M12Z 其他食品
4207,環泰,OTC,M12Z 其他食品
4303,信立,OTC,M13A6 合成皮
4304,勝昱,OTC,M13A8 塑膠加工
4305,世坤,OTC,M13A8 塑膠加工
4306,炎洲,TSE,M13A9 膠帶
4401,東隆興,OTC,M14A7 尼龍絲
4402,福大,OTC,M14A7 尼龍絲
4406,新昕纖,OTC,M14A2 加工絲
4413,飛寶企業,OTC,M14C2 織布
4414,如興,TSE,M14C1 成衣製造
4416,三圓,OTC,M25A 建設
4417,金洲,OTC,M14Z 其他紡織
4419,元勝,OTC,M27A2 餐飲業
4420,光明,OTC,M14C2 織布
4426,利勤,TSE,M14C2 織布
4430,耀億,OTC,M14Z 其他紡織
4432,銘旺實,OTC,M14C1 成衣製造
4433,興采,OTC,M14C2 織布
4438,廣越,TSE,M14C1 成衣製造
4439,冠星-KY,TSE,M14C2 織布
4440,宜新實業,TSE,M14A2 加工絲
4502,健信,OTC,M15D 汽車組件
4503,金雨,OTC,M15Z 其他電製品
4506,崇友,OTC,M15B1 電機
4510,高鋒,OTC,M15A1 工具機
4513,福裕,OTC,M15A1 工具機
4523,永彰,OTC,M15D 汽車組件
4526,東台,TSE,M15A1 工具機
4527,方土霖,OTC,M15C2 空調冷凍
4528,江興鍛,OTC,M15D 汽車組件
4529,淳紳,OTC,M22A 汽車製造
4530,宏易,OTC,M23KX 其他網通
4532,瑞智,TSE,M15C1 家電
4533,協易機,OTC,M15A1 工具機
4534,慶騰,OTC,M15A1 工具機
4535,至興,OTC,M15D 汽車組件
4536,拓凱,TSE,M99ZC 其他製造業
4538,大詠城,OTC,M15A2 模具零件
4540,全球傳動,TSE,M15A2 模具零件
4541,晟田,OTC,M22B3 航空器製造
4542,科嶠,OTC,M23H2 電機設備
4543,萬在,OTC,M15D 汽車組件
4545,銘鈺,TSE,M23D9A 沖壓零組件
4549,桓達,OTC,M15H 儀器設備
4550,長佳,OTC,M15B2 機電工程
4551,智伸科,TSE,M15D 汽車組件
4552,力達-KY,TSE,M15C1 家電
4554,橙的,OTC,M15D 汽車組件
4555,氣立,TSE,M15A2 模具零件
4556,旭然,OTC,M15Z 其他電製品
4557,永新-KY,TSE,M15D 汽車組件
4558,寶緯,OTC,M20A5 鋁鋅
4560,強信-KY,TSE,M15A3 紡織工具機
4561,健椿,OTC,M15A2 模具零件
4562,穎漢,TSE,M15A1 工具機
4563,百德,OTC,M15A1 工具機
4564,元翎,TSE,M20B 金屬製品
4566,時碩工業,TSE,M15D 汽車組件
4568,科際精密,OTC,M15Z 其他電製品
4571,鈞興-KY,TSE,M15D 汽車組件
4572,駐龍,TSE,M22B3 航空器製造
4576,大銀微系統,TSE,M15A2 模具零件
4580,捷流閥業,OTC,M15Z 其他電製品
4581,光隆精密-KY,TSE,M15D 汽車組件
4583,台灣精銳,TSE,M15B1 電機
4609,唐鋒,OTC,M15C1 家電
4702,中美實,OTC,M17B 染料及顏料
4706,大恭,OTC,M17B 染料及顏料
4707,磐亞,OTC,M17E1 清潔劑原料
4711,永純,OTC,M17F 樹脂
4712,南璋,OTC,M99ZA3 漁業
4714,永捷,OTC,M17F 樹脂
4716,大立,OTC,M17F 樹脂
4720,德淵,TSE,M17F 樹脂
4721,美琪瑪,OTC,M17Z 其他化學
4722,國精化,TSE,M17F 樹脂
4726,永昕,OTC,M17C1 製藥
4728,雙美,OTC,M17G 醫療耗材
4729,熒茂,OTC,M23C8E 觸控面板
4735,豪展,OTC,M17G 醫療耗材
4736,泰博,OTC,M17G 醫療耗材
4737,華廣,TSE,M17G 醫療耗材
4739,康普,TSE,M17Z 其他化學
4741,泓瀚,OTC,M17B 染料及顏料
4743,合一,OTC,M17C1 製藥
4744,皇將,OTC,M15H 儀器設備
4745,合富-KY,OTC,M17G 醫療耗材
4746,台耀,TSE,M17C1 製藥
4747,強生,OTC,M17C1 製藥
4754,國碳科,OTC,M17Z 其他化學
4755,三福化,TSE,M17Z 其他化學
4760,勤凱,OTC,M23D5 被動元件
4763,材料-KY,TSE,M17Z 其他化學
4764,雙鍵,TSE,M17Z 其他化學
4766,南寶,TSE,M17F 樹脂
4767,誠泰科技,OTC,M17F 樹脂
4768,晶呈科技,OTC,M17Z 其他化學
4770,上品,TSE,M17F 樹脂
4804,大略-KY,OTC,M27A2 餐飲業
4806,昇華,OTC,M99H 電視廣播
4807,日成-KY,TSE,M99ZC 其他製造業
4903,聯光通,OTC,M23K6 光元件模組
4904,遠傳,TSE,M23K3 電信及IDC
4905,台聯電,OTC,M23KX 其他網通
4906,正文,TSE,M23E2 網路卡
4907,富宇,OTC,M25A 建設
4908,前鼎,OTC,M23K6 光元件模組
4909,新復興,OTC,M23B2D 硬板及其他
4911,德英,OTC,M17C1 製藥
4912,聯德控股-KY,TSE,M23D9A 沖壓零組件
4915,致伸,TSE,M23C3 PC週邊
4916,事欣科,TSE,M23B5B 工業電腦
4919,新唐,TSE,M23G5 IC設計
4923,力士,OTC,M23G5 IC設計
4924,欣厚-KY,OTC,M23C3 PC週邊
4927,泰鼎-KY,TSE,M23B2D 硬板及其他
4930,燦星網,TSE,M15C1 家電
4931,新盛力,OTC,M23D7 二次電池
4933,友輝,OTC,M23C8C LCD 原料
4934,太極,TSE,M23C7C 太陽能電池
4935,茂林-KY,TSE,M23C8C LCD 原料
4938,和碩,TSE,M23A1 EMS
4939,亞電,OTC,M23B3C FCCL
4942,嘉彰,TSE,M23D9A 沖壓零組件
4943,康控-KY,TSE,M23D2 連接器
4944,兆遠,OTC,M23C6A 藍寶石基板
4945,陞達科技,OTC,M23G5 IC設計
4946,辣椒,OTC,M23X2 遊戲軟體
4950,牧東,OTC,M99B 五金及家具
4952,凌通,TSE,M23G5 IC設計
4953,緯軟,OTC,M23X1 系統整合
4956,光鋐,TSE,M23C6B 磊晶及晶粒
4958,臻鼎-KY,TSE,M23B2C 軟板
4960,誠美材,TSE,M23C8C LCD 原料
4961,天鈺,TSE,M23G5 IC設計
4966,譜瑞-KY,OTC,M23G5 IC設計
4967,十銓,TSE,M23G3B 記憶體模組
4968,立積,TSE,M23G5 IC設計
4971,IET-KY,OTC,M23G3A 化合物SEMI
4972,湯石照明,OTC,M23C6C 封裝及應用
4973,廣穎,OTC,M23G3B 記憶體模組
4974,亞泰,OTC,M23C2 影像掃描
4976,佳凌,TSE,M23U1 光學鏡頭
4977,眾達-KY,TSE,M23K6 光元件模組
4979,華星光,OTC,M23K6 光元件模組
4987,科誠,OTC,M23B5A POS
4989,榮科,TSE,M23B3X PCB材-其他
4991,環宇-KY,OTC,M23G3A 化合物SEMI
4994,傳奇,TSE,M23X2 遊戲軟體
4995,晶達,OTC,M23C1 顯示器
4999,鑫禾,TSE,M23D9A 沖壓零組件
5007,三星,TSE,M20A1 線材
5009,榮剛,OTC,M20A6 不鏽鋼
5011,久陽,OTC,M20A1 線材
5013,強新,OTC,M20A1 線材
5014,建錩,OTC,M20A6 不鏽鋼
5015,華祺,OTC,M20A1 線材
5016,松和,OTC,M20A1 線材
5102,富強,OTC,M21A 輪胎
5201,凱衛,OTC,M23X1 系統整合
5202,力新,OTC,M23X9 應用軟體
5203,訊連,TSE,M23X9 應用軟體
5205,中茂,OTC,M15B2 機電工程
5206,坤悅,OTC,M25A 建設
5209,新鼎,OTC,M23X1 系統整合
5210,寶碩,OTC,M23X1 系統整合
5211,蒙恬,OTC,M23X9 應用軟體
5212,凌網,OTC,M23X1 系統整合
5213,亞昕,OTC,M25A 建設
5215,科嘉-KY,TSE,M23D9D 其他零組件
5220,萬達光電,OTC,M23C8E 觸控面板
5222,全訊,TSE,M23K2 衛星微波
5223,安力-KY,OTC,M23D9A 沖壓零組件
5225,東科-KY,TSE,M23U2 聲學產品
5227,立凱-KY,OTC,M23D7 二次電池
5228,鈺鎧,OTC,M23D5 被動元件
5230,雷笛克光學,OTC,M23C6C 封裝及應用
5234,達興材料,TSE,M23C8C LCD 原料
5236,凌陽創新,OTC,M23G5 IC設計
5243,乙盛-KY,TSE,M23D9A 沖壓零組件
5244,弘凱,TSE,M23C6C 封裝及應用
5245,智晶,OTC,M23C8A LCD 面板
5251,天鉞電,OTC,M23C9 安全監控
5258,虹堡,TSE,M23B5A POS
5263,智崴,OTC,M23Z 其他電子
5269,祥碩,TSE,M23G5 IC設計
5272,笙科,OTC,M23G5 IC設計
5274,信驊,OTC,M23G5 IC設計
5276,達輝-KY,OTC,M15D 汽車組件
5278,尚凡,OTC,M23K4 電商及XaaS
5281,大峽谷-KY,OTC,M23C6C 封裝及應用
5283,禾聯碩,TSE,M15C1 家電
5284,jpp-KY,TSE,M23D9A 沖壓零組件
5285,界霖,TSE,M23G4 IC導線架
5287,數字,OTC,M23K4 電商及XaaS
5288,豐祥-KY,TSE,M15D 汽車組件
5289,宜鼎,OTC,M23G3B 記憶體模組
5291,邑昇,OTC,M23B2D 硬板及其他
5299,杰力,OTC,M23G5 IC設計
5301,寶得利,OTC,M29B 貿易業
5302,太欣,OTC,M23G5 IC設計
5306,桂盟,TSE,M15E 自行車組件
5309,系統電,OTC,M23D3 電源供應器
5310,天剛,OTC,M23X1 系統整合
5312,寶島科,OTC,M17G 醫療耗材
5314,世紀,OTC,M23G5 IC設計
5315,光聯,OTC,M23C8D LCD-其他
5321,美而快,OTC,M23K4 電商及XaaS
5324,士開,OTC,M25A 建設
5328,華容,OTC,M23D5 被動元件
5340,建榮,OTC,M23B3B 玻纖紗布
5344,立衛,OTC,M23G2 IC封測
5345,天揚,OTC,M23Z 其他電子
5347,世界,OTC,M23G1A 晶圓代工
5348,系通,OTC,M23K5 導航定位
5351,鈺創,OTC,M23G5 IC設計
5353,台林,OTC,M23E1 數據機
5355,佳總,OTC,M23B2D 硬板及其他
5356,協益,OTC,M13B 塑膠製品
5364,力麗店,OTC,M27A1 飯店業
5371,中光電,OTC,M23C8B 背光模組
5381,合正,OTC,M23B3A 銅箔基板
5383,金利,OTC,M23D9B 散熱零組件
5386,青雲,OTC,M23B4A 繪圖卡
5388,中磊,TSE,M23E2 網路卡
5392,能率,OTC,M23D4 機殼
5398,慕康生醫,OTC,M17C1 製藥
5403,中菲,OTC,M23X1 系統整合
5410,國眾,OTC,M23T1 3C通路
5425,台半,OTC,M23D1 分離式元件
5426,振發,OTC,M23D4 機殼
5432,新門,OTC,M23C8D LCD-其他
5434,崇越,TSE,M23T2 零組件代理
5438,東友,OTC,M23C2 影像掃描
5439,高技,OTC,M23B2D 硬板及其他
5443,均豪,OTC,M23H2 電機設備
5450,南良,OTC,M17Z 其他化學
5452,佶優,OTC,M23TZ 其他3C代理
5455,昇益,OTC,M25A 建設
5457,宣德,OTC,M23D2 連接器
5460,同協,OTC,M23D9A 沖壓零組件
5464,霖宏,OTC,M23B2D 硬板及其他
5465,富驊,OTC,M23D4 機殼
5468,凱鈺,OTC,M23G5 IC設計
5469,瀚宇博,TSE,M23B2D 硬板及其他
5471,松翰,TSE,M23G5 IC設計
5474,聰泰,OTC,M23B4B 電視卡
5475,德宏,OTC,M23B3B 玻纖紗布
5478,智冠,OTC,M23X2 遊戲軟體
5481,新華,OTC,M99ZX 其他服務業
5483,中美晶,OTC,M23G3C 晶圓材料
5484,慧友,TSE,M23C9 安全監控
5487,通泰,OTC,M23G5 IC設計
5488,松普,OTC,M23D2 連接器
5489,彩富,OTC,M23C9 安全監控
5490,同亨,OTC,M23B5A POS
5493,三聯,OTC,M23H2 電機設備
5498,凱崴,OTC,M23B3X PCB材-其他
5508,永信建,OTC,M25A 建設
5511,德昌,OTC,M25B 營造
5512,力麒,OTC,M25A 建設
5514,三豐,OTC,M25A 建設
5515,建國,TSE,M25B 營造
5516,雙喜,OTC,M25B 營造
5519,隆大,TSE,M25A 建設
5520,力泰,OTC,M11B 預拌混凝土
5521,工信,TSE,M25B 營造
5522,遠雄,TSE,M25A 建設
5523,豐謙,OTC,M25A 建設
5525,順天,TSE,M25A 建設
5529,鉅陞,OTC,M25A 建設
5530,龍巖,OTC,M25E 靈骨塔業
5531,鄉林,TSE,M25A 建設
5533,皇鼎,TSE,M25A 建設
5534,長虹,TSE,M25A 建設
5536,聖暉,OTC,M23H1 廠辦機電
5538,東明-KY,TSE,M20A1 線材
5543,桓鼎-KY,OTC,M20B 金屬製品
5546,永固-KY,TSE,M11B 預拌混凝土
5601,台聯櫃,OTC,M26C 貨運倉儲業
5603,陸海,OTC,M26C 貨運倉儲業
5604,中連,OTC,M25F 物業管理
5607,遠雄港,TSE,M26C 貨運倉儲業
5608,四維航,TSE,M26A1 散裝輪
5609,中菲行,OTC,M26C 貨運倉儲業
5701,劍湖山,OTC,M27A1 飯店業
5703,亞都,OTC,M27A1 飯店業
5704,老爺知,OTC,M27A1 飯店業
5706,鳳凰,TSE,M27C 旅行社
5820,日盛金,OTC,M28L 金融控股
5864,致和證,OTC,M30A 證券
5871,中租-KY,TSE,M28K 租賃業
5876,上海商銀,TSE,M28A 本國銀行
5878,台名,OTC,M28N 保險經紀
5880,合庫金,TSE,M28L 金融控股
5902,德記,OTC,M29B 貿易業
5903,全家,OTC,M29A4 便利商店
5904,寶雅,OTC,M29A9 其他零售
5905,南仁湖,OTC,M27B 觀光遊樂區
5906,台南-KY,TSE,M14C1 成衣製造
5907,大洋-KY,TSE,M29A1 百貨及Mall
6005,群益證,TSE,M30A 證券
6015,宏遠證,OTC,M30A 證券
6016,康和證,OTC,M30A 證券
6020,大展證,OTC,M30A 證券
6021,美好證,OTC,M30A 證券
6023,元大期,OTC,M30C 期貨
6024,群益期,TSE,M30C 期貨
6026,福邦證,OTC,M30A 證券
6101,寬魚國際,OTC,M99H 電視廣播
6103,合邦,OTC,M23TZ 其他3C代理
6104,創惟,OTC,M23G5 IC設計
6108,競國,TSE,M23B2D 硬板及其他
6109,亞元,OTC,M23D3 電源供應器
6111,大宇資,OTC,M23X2 遊戲軟體
6112,聚碩,TSE,M23X1 系統整合
6113,亞矽,OTC,M23T2 零組件代理
6114,久威,OTC,M23B2D 硬板及其他
6115,鎰勝,TSE,M23D2 連接器
6116,彩晶,TSE,M23C8A LCD 面板
6117,迎廣,TSE,M23D4 機殼
6118,建達,OTC,M23T1 3C通路
6120,達運,TSE,M23C8B 背光模組
6121,新普,OTC,M23D7 二次電池
6122,擎邦,OTC,M25B 營造
6123,上奇,OTC,M23T1 3C通路
6124,業強,OTC,M23D9B 散熱零組件
6125,廣運,OTC,M23H2 電機設備
6126,信音,OTC,M23D2 連接器
6127,九豪,OTC,M23D5 被動元件
6128,上福,TSE,M23C3 PC週邊
6129,普誠,OTC,M23G5 IC設計
6130,星寶國際,OTC,M17C1 製藥
6133,金橋,TSE,M23D2 連接器
6134,萬旭,OTC,M23D2 連接器
6136,富爾特,TSE,M23TZ 其他3C代理
6138,茂達,OTC,M23G5 IC設計
6139,亞翔,TSE,M23H1 廠辦機電
6140,訊達,OTC,M23X1 系統整合
6141,柏承,TSE,M23B2D 硬板及其他
6142,友勁,TSE,M23E2 網路卡
6143,振曜,OTC,M23C3 PC週邊
6144,得利影,OTC,M23X9 應用軟體
6146,耕興,OTC,M23Z 其他電子
6147,頎邦,OTC,M23G2 IC封測
6148,驊宏資,OTC,M23X1 系統整合
6150,撼訊,OTC,M23B4A 繪圖卡
6151,晉倫,OTC,M13A8 塑膠加工
6152,百一,TSE,M23K2 衛星微波
6153,嘉聯益,TSE,M23B2C 軟板
6154,順發,OTC,M23T1 3C通路
6155,鈞寶,TSE,M23D5 被動元件
6156,松上,OTC,M23B2D 硬板及其他
6158,禾昌,OTC,M23D2 連接器
6160,欣技,OTC,M23B5B 工業電腦
6161,捷波,OTC,M23B4A 繪圖卡
6163,華電網,OTC,M23K1 網通工程
6164,華興,TSE,M23C6C 封裝及應用
6165,浪凡,TSE,M23K4 電商及XaaS
6166,凌華,TSE,M23B5B 工業電腦
6167,久正,OTC,M23C8D LCD-其他
6168,宏齊,TSE,M23C6C 封裝及應用
6169,昱泉,OTC,M23X2 遊戲軟體
6170,統振,OTC,M23TZ 其他3C代理
6171,大城地產,OTC,M25A 建設
6172,互億,TSE,M23E1 數據機
6173,信昌電,OTC,M23D5 被動元件
6174,安碁,OTC,M23D6 石英元件
6175,立敦,OTC,M23D5 被動元件
6176,瑞儀,TSE,M23C8B 背光模組
6177,達麗,TSE,M25A 建設
6179,亞通,OTC,M25C 工程承攬
6180,橘子,OTC,M23X2 遊戲軟體
6182,合晶,OTC,M23G3C 晶圓材料
6183,關貿,TSE,M23K4 電商及XaaS
6184,大豐電,TSE,M99G 有線電視
6185,幃翔,OTC,M23D2 連接器
6186,新潤,OTC,M25A 建設
6187,萬潤,OTC,M23H2 電機設備
6188,廣明,OTC,M23C3 PC週邊
6189,豐藝,TSE,M23T2 零組件代理
6190,萬泰科,OTC,M23D2 連接器
6191,精成科,TSE,M23B2B PCB 組裝
6192,巨路,TSE,M23T2 零組件代理
6194,育富,OTC,M23B2D 硬板及其他
6195,詩肯,OTC,M29A9 其他零售
6196,帆宣,TSE,M23H1 廠辦機電
6197,佳必琪,TSE,M23D2 連接器
6198,凌泰,OTC,M23G5 IC設計
6199,天品,OTC,M25E 靈骨塔業
6201,亞弘電,TSE,M23U2 聲學產品
6202,盛群,TSE,M23G5 IC設計
6203,海韻電,OTC,M23D3 電源供應器
6204,艾華,OTC,M23D5 被動元件
6205,詮欣,TSE,M23D2 連接器
6206,飛捷,TSE,M23B5A POS
6207,雷科,OTC,M23D9D 其他零組件
6208,日揚,OTC,M23H2 電機設備
6209,今國光,TSE,M23U1 光學鏡頭
6210,慶生,OTC,M23B2D 硬板及其他
6212,理銘,OTC,M25A 建設
6213,聯茂,TSE,M23B3A 銅箔基板
6214,精誠,TSE,M23X1 系統整合
6215,和椿,TSE,M23H2 電機設備
6216,居易,TSE,M23E1 數據機
6217,中探針,OTC,M23B3X PCB材-其他
6218,豪勉,OTC,M23X1 系統整合
6219,富旺,OTC,M25A 建設
6220,岳豐,OTC,M23D2 連接器
6221,晉泰,OTC,M23X1 系統整合
6222,上揚,OTC,M23C6C 封裝及應用
6223,旺矽,OTC,M23B2D 硬板及其他
6224,聚鼎,TSE,M23D5 被動元件
6225,天瀚,TSE,M23UZ 消費性電子
6226,光鼎,TSE,M23C6C 封裝及應用
6227,茂綸,OTC,M23T2 零組件代理
6228,全譜,OTC,M23C2 影像掃描
6229,研通,OTC,M23G5 IC設計
6230,尼得科超眾,TSE,M23D9B 散熱零組件
6231,系微,OTC,M23X9 應用軟體
6233,旺玖,OTC,M23G5 IC設計
6234,高僑,OTC,M23H2 電機設備
6235,華孚,TSE,M23D4 機殼
6236,康呈,OTC,M17C2 機能性食品
6237,驊訊,OTC,M23G5 IC設計
6239,力成,TSE,M23G2 IC封測
6240,松崗,OTC,M99F 平媒電子報
6241,易通展,OTC,M23E1 數據機
6242,立康,OTC,M17C2 機能性食品
6243,迅杰,TSE,M23G5 IC設計
6244,茂迪,OTC,M23C7C 太陽能電池
6245,立端,OTC,M23B5B 工業電腦
6246,臺龍,OTC,M23C8B 背光模組
6247,淇譽電,OTC,M23U2 聲學產品
6248,沛波,OTC,M20A2 鋼筋
6251,定穎,TSE,M23B2D 硬板及其他
6257,矽格,TSE,M23G2 IC封測
6259,百徽,OTC,M23T2 零組件代理
6261,久元,OTC,M23G2 IC封測
6263,普萊德,OTC,M23E2 網路卡
6264,富裔,OTC,M25A 建設
6265,方土昶,OTC,M23T2 零組件代理
6266,泰詠,OTC,M23B2B PCB 組裝
6269,台郡,TSE,M23B2C 軟板
6270,倍微,OTC,M23T2 零組件代理
6271,同欣電,TSE,M23D1 分離式元件
6274,台燿,OTC,M23B3A 銅箔基板
6275,元山,OTC,M23D9B 散熱零組件
6276,安鈦克,OTC,M23D3 電源供應器
6277,宏正,TSE,M23C3 PC週邊
6278,台表科,TSE,M23B2B PCB 組裝
6279,胡連,OTC,M15D 汽車組件
6281,全國電,TSE,M23T1 3C通路
6282,康舒,TSE,M23D3 電源供應器
6283,淳安,TSE,M23C3 PC週邊
6284,佳邦,OTC,M23D5 被動元件
6285,啟碁,TSE,M23K2 衛星微波
6287,元隆,OTC,M23G1A 晶圓代工
6288,聯嘉,TSE,M23C6C 封裝及應用
6289,華上,TSE,M23C6B 磊晶及晶粒
6290,良維,OTC,M23D2 連接器
6291,沛亨,OTC,M23G5 IC設計
6292,迅德,OTC,M23D3 電源供應器
6294,智基,OTC,M99ZX 其他服務業
6404,通訊-KY,OTC,M23K4 電商及XaaS
6405,悅城,TSE,M23C8C LCD 原料
6409,旭隼,TSE,M23D3 電源供應器
6411,晶焱,OTC,M23G5 IC設計
6412,群電,TSE,M23D3 電源供應器
6414,樺漢,TSE,M23B5B 工業電腦
6415,矽力-KY,TSE,M23G5 IC設計
6416,瑞祺電通,TSE,M23E1 數據機
6417,韋僑,OTC,M23K2 衛星微波
6418,詠昇,OTC,M23D2 連接器
6419,京晨科,OTC,M23C9 安全監控
6425,易發,OTC,M23H2 電機設備
6426,統新,TSE,M23K6 光元件模組
6431,光麗-KY,TSE,M17Z 其他化學
6432,今展科,OTC,M23D5 被動元件
6435,大中,OTC,M23G5 IC設計
6438,迅得,TSE,M23H2 電機設備
6441,廣錠,OTC,M23D7 二次電池
6442,光聖,TSE,M23K6 光元件模組
6443,元晶,TSE,M23C7C 太陽能電池
6446,藥華藥,OTC,M17C1 製藥
6449,鈺邦,TSE,M23D5 被動元件
6451,訊芯-KY,TSE,M23G2 IC封測
6456,GIS-KY,TSE,M23C8E 觸控面板
6457,紘康,OTC,M23G5 IC設計
6461,益得,OTC,M17C1 製藥
6462,神盾,OTC,M23G5 IC設計
6464,台數科,TSE,M99G 有線電視
6465,威潤,OTC,M23K5 導航定位
6469,大樹,OTC,M17X 醫藥通路
6470,宇智,OTC,M23E1 數據機
6472,保瑞,OTC,M17C1 製藥
6477,安集,TSE,M23C7D 太陽能模組
6482,弘煜科,OTC,M23X2 遊戲軟體
6485,點序,OTC,M23G5 IC設計
6486,互動,OTC,M23K1 網通工程
6488,環球晶,OTC,M23G3C 晶圓材料
6491,晶碩,TSE,M17G 醫療耗材
6492,生華科,OTC,M17C1 製藥
6494,九齊,OTC,M23G5 IC設計
6496,科懋,OTC,M17C1 製藥
6499,益安,OTC,M17G 醫療耗材
6504,南六,TSE,M14F 不織布
6505,台塑化,TSE,M13C 輕油製解
6506,雙邦,OTC,M17F 樹脂
6508,惠光,OTC,M17C3 農藥肥料
6509,聚和,OTC,M17Z 其他化學
6510,精測,OTC,M23B2D 硬板及其他
6512,啟發電,OTC,M23D9D 其他零組件
6514,芮特-KY,OTC,M23K2 衛星微波
6515,穎崴,TSE,M23B3X PCB材-其他
6516,勤崴國際,OTC,M23K5 導航定位
6523,達爾膚,OTC,M17Z 其他化學
6525,捷敏-KY,TSE,M23G2 IC封測
6527,明達醫,OTC,M17G 醫療耗材
6530,創威,OTC,M23K6 光元件模組
6531,愛普*,TSE,M23G5 IC設計
6532,瑞耘,OTC,M23H2 電機設備
6533,晶心科,TSE,M23G5 IC設計
6535,順藥,OTC,M17C1 製藥
6538,倉和,OTC,M23C7F 其他太陽能
6541,泰福-KY,TSE,M17C1 製藥
6542,隆中,OTC,M23X2 遊戲軟體
6546,正基,OTC,M23K2 衛星微波
6547,高端疫苗,OTC,M17C1 製藥
6548,長科*,OTC,M23G4 IC導線架
6550,北極星藥業-KY,TSE,M17C1 製藥
6552,易華電,TSE,M23B2C 軟板
6556,勝品,OTC,M23C9 安全監控
6558,興能高,TSE,M23D7 二次電池
6560,欣普羅,OTC,M23C9 安全監控
6561,是方,OTC,M23K3 電信及IDC
6568,宏觀,OTC,M23G5 IC設計
6569,醫揚,OTC,M23B5B 工業電腦
6570,維田,OTC,M23B5B 工業電腦
6573,虹揚-KY,TSE,M23D1 分離式元件
6574,霈方,OTC,M17Z 其他化學
6576,逸達,OTC,M17C1 製藥
6577,勁豐,OTC,M23B5B 工業電腦
6578,達邦蛋白,OTC,M12B 油脂飼料
6579,研揚,TSE,M23B5B 工業電腦
6581,鋼聯,TSE,M99L2 廢棄物處理
6582,申豐,TSE,M21C 橡膠原料
6585,鼎基,TSE,M17F 樹脂
6588,東典光電,OTC,M23K6 光元件模組
6589,台康生技,OTC,M17H 生物科技
6590,普鴻,OTC,M23X1 系統整合
6591,動力-KY,TSE,M23D9B 散熱零組件
6592,和潤企業,TSE,M28K 租賃業
6593,台灣銘板,OTC,M23Z 其他電子
6594,展匯科,OTC,M23G5 IC設計
6596,寬宏藝術,OTC,M99E 廣告業
6598,ABC-KY,TSE,M17G 醫療耗材
6603,富強鑫,OTC,M15A1 工具機
6605,帝寶,TSE,M15D 汽車組件
6609,瀧澤科,OTC,M15A1 工具機
6612,奈米醫材,OTC,M17G 醫療耗材
6613,朋億,OTC,M23H1 廠辦機電
6615,慧智,OTC,M17G 醫療耗材
6616,特昇-KY,OTC,M99B 五金及家具
6624,萬年清,OTC,M99L2 廢棄物處理
6625,必應,TSE,M99H 電視廣播
6629,泰金-KY,OTC,M99B 五金及家具
6640,均華,OTC,M23H2 電機設備
6641,基士德-KY,TSE,M15Z 其他電製品
6642,富致,OTC,M23D5 被動元件
6643,M31,OTC,M23G5 IC設計
6649,台生材,OTC,M17G 醫療耗材
6651,全宇昕,OTC,M23G5 IC設計
6654,天正國際,OTC,M23H2 電機設備
6655,科定,TSE,M99ZC 其他製造業
6661,威健生技,OTC,M17G 醫療耗材
6662,樂斯科,OTC,M17H 生物科技
6664,群翊,OTC,M23H2 電機設備
6666,羅麗芬-KY,TSE,M17Z 其他化學
6667,信紘科,OTC,M23H1 廠辦機電
6668,中揚光,TSE,M23U1 光學鏡頭
6669,緯穎,TSE,M23A2 泛用電腦
6670,復盛應用,TSE,M99Z2 高爾夫用品
6671,三能-KY,TSE,M99ZC 其他製造業
6672,騰輝電子-KY,TSE,M23B3A 銅箔基板
6674,鋐寶科技,TSE,M23E1 數據機
6679,鈺太,OTC,M23G5 IC設計
6680,鑫創電子,OTC,M23B5B 工業電腦
6683,雍智科技,OTC,M23B2A IC載板
6684,安格,OTC,M23G5 IC設計
6690,安碁資訊,OTC,M23X1 系統整合
6691,洋基工程,TSE,M25C 工程承攬
6693,廣閎科,OTC,M23G5 IC設計
6697,東捷資訊,OTC,M23X1 系統整合
6698,旭暉應材,TSE,M23C8C LCD 原料
6703,軒郁,OTC,M17H 生物科技
6706,惠特,TSE,M23H2 電機設備
6712,長聖,OTC,M17H 生物科技
6715,嘉基,TSE,M23D2 連接器
6716,應廣,OTC,M23G5 IC設計
6719,力智,TSE,M23G5 IC設計
6721,信實,OTC,M99ZX 其他服務業
6727,亞泰金屬,OTC,M23H2 電機設備
6728,上洋,OTC,M15C1 家電
6732,昇佳電子,OTC,M23G5 IC設計
6733,博晟生醫,OTC,M17G 醫療耗材
6735,美達科技,OTC,M23H2 電機設備
6741,91APP*-KY,OTC,M23K4 電商及XaaS
6743,安普新,TSE,M23U2 聲學產品
6747,亨泰光,OTC,M17G 醫療耗材
6751,智聯服務,OTC,M23X1 系統整合
6752,叡揚,OTC,M23X9 應用軟體
6754,匯僑設計,TSE,M25C 工程承攬
6756,威鋒電子,TSE,M23G5 IC設計
6761,穩得,OTC,M23TZ 其他3C代理
6762,達亞,OTC,M17G 醫療耗材
6763,綠界科技,OTC,M23X9 應用軟體
6767,台微醫,OTC,M17G 醫療耗材
6768,志強-KY,TSE,M99K 鞋及旅行箱
6770,力積電,TSE,M23G1A 晶圓代工
6776,展碁國際,TSE,M23T1 3C通路
6781,AES-KY,TSE,M23D7 二次電池
6788,華景電,OTC,M23H2 電機設備
6790,永豐實,TSE,M19A 造紙
6792,詠業,TSE,M23D5 被動元件
6796,晉弘,TSE,M17G 醫療耗材
6799,來頡,TSE,M23G5 IC設計
6803,崑鼎,OTC,M99L2 廢棄物處理
6804,明係,OTC,M99Z1 自行健行車
6806,森崴能源,TSE,M25C 工程承攬
6807,峰源-KY,TSE,M99B 五金及家具
6829,千附精密,OTC,M23H2 電機設備
7402,邑錡,OTC,M23UZ 消費性電子
7556,意德士,OTC,M23H2 電機設備
8011,台通,TSE,M23K6 光元件模組
8016,矽創,TSE,M23G5 IC設計
8021,尖點,TSE,M23B3X PCB材-其他
8024,佑華,OTC,M23G5 IC設計
8027,鈦昇,OTC,M23H2 電機設備
8028,昇陽半導體,TSE,M23G3C 晶圓材料
8032,光菱,OTC,M23T2 零組件代理
8033,雷虎,TSE,M99ZC 其他製造業
8034,榮群,OTC,M23K1 網通工程
8038,長園科,OTC,M23D7 二次電池
8039,台虹,TSE,M23B3C FCCL
8040,九暘,OTC,M23G5 IC設計
8042,金山電,OTC,M23D5 被動元件
8043,蜜望實,OTC,M23T2 零組件代理
8044,網家,OTC,M23K4 電商及XaaS
8046,南電,TSE,M23B2A IC載板
8047,星雲,OTC,M23C3 PC週邊
8048,德勝,OTC,M23E2 網路卡
8049,晶采,OTC,M23C8D LCD-其他
8050,廣積,OTC,M23B5B 工業電腦
8054,安國,OTC,M23G5 IC設計
8059,凱碩,OTC,M23E1 數據機
8064,東捷,OTC,M23H2 電機設備
8066,來思達,OTC,M99B 五金及家具
8067,志旭,OTC,M23T1 3C通路
8068,全達,OTC,M23T2 零組件代理
8069,元太,OTC,M23C8A LCD 面板
8070,長華*,TSE,M23T2 零組件代理
8071,能率網通,OTC,M23D9A 沖壓零組件
8072,陞泰,TSE,M23C9 安全監控
8074,鉅橡,OTC,M23B3X PCB材-其他
8076,伍豐,OTC,M23B5A POS
8077,洛碁,OTC,M27A1 飯店業
8080,永利聯合,OTC,M25C 工程承攬
8081,致新,TSE,M23G5 IC設計
8083,瑞穎,OTC,M15A2 模具零件
8084,巨虹,OTC,M23G5 IC設計
8085,福華,OTC,M23C8B 背光模組
8086,宏捷科,OTC,M23G3A 化合物SEMI
8087,華鎂鑫,OTC,M23C4A 光碟
8088,品安,OTC,M23G3B 記憶體模組
8089,康全電訊,OTC,M23E1 數據機
8091,翔名,OTC,M23H2 電機設備
8092,建暐,OTC,M23H2 電機設備
8093,保銳,OTC,M23D3 電源供應器
8096,擎亞,OTC,M23T2 零組件代理
8097,常珵,OTC,M23D2 連接器
8099,大世科,OTC,M23X1 系統整合
8101,華冠,TSE,M23KX 其他網通
8103,瀚荃,TSE,M23D2 連接器
8104,錸寶,TSE,M23C8A LCD 面板
8105,凌巨,TSE,M23C8D LCD-其他
8107,大億金茂,OTC,M15D 汽車組件
8109,博大,OTC,M23D3 電源供應器
8110,華東,TSE,M23G2 IC封測
8111,立碁,OTC,M23C6C 封裝及應用
8112,至上,TSE,M23T2 零組件代理
8114,振樺電,TSE,M23B5A POS
8121,越峰,OTC,M23D5 被動元件
8131,福懋科,TSE,M23G2 IC封測
8147,正淩,OTC,M23D2 連接器
8150,南茂,TSE,M23G2 IC封測
8155,博智,OTC,M23B2D 硬板及其他
8163,達方,TSE,M23C3 PC週邊
8171,天宇,OTC,M23D7 二次電池
8176,智捷,OTC,M23E1 數據機
8182,加高,OTC,M23D6 石英元件
8183,精星,OTC,M23B2B PCB 組裝
8201,無敵,TSE,M23Z 其他電子
8210,勤誠,TSE,M23D4 機殼
8213,志超,TSE,M23B2D 硬板及其他
8215,明基材,TSE,M23C8C LCD 原料
8222,寶一,TSE,M22B3 航空器製造
8234,新漢,OTC,M23B5B 工業電腦
8240,華宏,OTC,M23C8C LCD 原料
8249,菱光,TSE,M23C2 影像掃描
8255,朋程,OTC,M15D 汽車組件
8261,富鼎,TSE,M23G5 IC設計
8271,宇瞻,TSE,M23G3B 記憶體模組
8277,商丞,OTC,M23G3B 記憶體模組
8279,生展,OTC,M17C2 機能性食品
8284,三竹,OTC,M23K4 電商及XaaS
8289,泰藝,OTC,M23D6 石英元件
8291,尚茂,OTC,M23B3A 銅箔基板
8299,群聯,OTC,M23G5 IC設計
8341,日友,TSE,M99L2 廢棄物處理
8342,益張,OTC,M20A9 金屬加工
8349,恒耀,OTC,M20A1 線材
8354,冠好,OTC,M13A9 膠帶
8358,金居,OTC,M23B3X PCB材-其他
8367,建新國際,TSE,M26C 貨運倉儲業
8374,羅昇,TSE,M15A2 模具零件
8383,千附,OTC,M23H1 廠辦機電
8390,金益鼎,OTC,M99L1 貴金屬回收
8401,白紗科,OTC,M99C 印刷
8403,盛弘,OTC,M17X 醫藥通路
8404,百和興業-KY,TSE,M14Z 其他紡織
8409,商之器,OTC,M17G 醫療耗材
8410,森田,OTC,M23D4 機殼
8411,福貞-KY,TSE,M20B 金屬製品
8415,大國鋼,OTC,M20A1 線材
8416,實威,OTC,M23X9 應用軟體
8418,捷必勝-KY,OTC,M15B1 電機
8420,明揚,OTC,M99Z2 高爾夫用品
8421,旭源,OTC,M13B 塑膠製品
8422,可寧衛,TSE,M99L2 廢棄物處理
8423,保綠-KY,OTC,M21C 橡膠原料
8424,惠普,OTC,M11C 其他水泥
8426,紅木-KY,OTC,M99B 五金及家具
8429,金麗-KY,TSE,M99K 鞋及旅行箱
8431,匯鑽科,OTC,M23C4B 硬碟磁碟
8432,東生華,OTC,M17C1 製藥
8433,弘帆,OTC,M29B 貿易業
8435,鉅邁,OTC,M99L2 廢棄物處理
8436,大江,OTC,M17C2 機能性食品
8437,大地-KY,OTC,M99ZX 其他服務業
8438,昶昕,TSE,M99L2 廢棄物處理
8440,綠電,OTC,M99L2 廢棄物處理
8442,威宏-KY,TSE,M99K 鞋及旅行箱
8443,阿瘦,TSE,M99K 鞋及旅行箱
8444,綠河-KY,OTC,M99B 五金及家具
8446,華研,OTC,M99ZX 其他服務業
8450,霹靂,OTC,M99H 電視廣播
8454,富邦媒,TSE,M23K4 電商及XaaS
8455,大拓-KY,OTC,M15A1 工具機
8462,柏文,TSE,M99ZX 其他服務業
8463,潤泰材,TSE,M11A 水泥製造
8464,億豐,TSE,M99B 五金及家具
8466,美吉吉-KY,TSE,M13B 塑膠製品
8467,波力-KY,TSE,M99ZC 其他製造業
8472,夠麻吉,OTC,M23K4 電商及XaaS
8473,山林水,TSE,M99L2 廢棄物處理
8476,台境,OTC,M99L2 廢棄物處理
8477,創業家,OTC,M23K4 電商及XaaS
8478,東哥遊艇,TSE,M22B1 船舶製造
8480,泰昇-KY,TSE,M14F 不織布
8481,政伸,TSE,M99C 印刷
8482,商億-KY,TSE,M99B 五金及家具
8488,吉源-KY,TSE,M20B 金屬製品
8489,三貝德,OTC,M99ZX 其他服務業
8499,鼎炫-KY,TSE,M23Z 其他電子
8905,裕國,OTC,M12A 罐頭加工
8906,花王,OTC,M99C 印刷
8908,欣雄,OTC,M99D2 天然氣
8916,光隆,OTC,M14C1 成衣製造
8917,欣泰,OTC,M99D2 天然氣
8921,沈氏,OTC,M99C 印刷
8923,時報,OTC,M99F 平媒電子報
8924,大田,OTC,M99Z2 高爾夫用品
8926,台汽電,TSE,M99D3 汽電共生
8927,北基,OTC,M99D1 加油站
8928,鉅明,OTC,M99Z2 高爾夫用品
8929,富堡,OTC,M14F 不織布
8930,青鋼,OTC,M20B 金屬製品
8931,大汽電,OTC,M99D3 汽電共生
8932,宏大,OTC,M14Z 其他紡織
8933,愛地雅,OTC,M99Z1 自行健行車
8935,邦泰,OTC,M13B 塑膠製品
8936,國統,OTC,M20B 金屬製品
8937,合騏,OTC,M22A 汽車製造
8938,明安,OTC,M99Z2 高爾夫用品
8940,新天地,TSE,M27A2 餐飲業
8941,關中,OTC,M99B 五金及家具
8942,森鉅,OTC,M13A8 塑膠加工
8996,高力,TSE,M20A9 金屬加工
9103,美德醫療-DR,TSE,M17G 醫療耗材
9103,2 康師傅-DR,TSE,M12Z 其他食品
9105,泰金寶-DR,TSE,M23C3 PC週邊
9108,1 神州-DR,TSE,M23X1 系統整合
9110,越南控-DR,TSE,M22B2 機車製造
9116,8 明輝-DR,TSE,M29B 貿易業
9116,2 泰聚亨-DR,TSE,M20A1 線材
9118,8 同方友友-DR,TSE,M23C6C 封裝及應用
9120,0 晨訊科-DR,TSE,M23E1 數據機
9136,巨騰-DR,TSE,M23D4 機殼
9802,鈺齊-KY,TSE,M99K 鞋及旅行箱
9902,台火,TSE,M99ZC 其他製造業
9904,寶成,TSE,M99K 鞋及旅行箱
9905,大華,TSE,M20B 金屬製品
9906,欣巴巴,TSE,M25A 建設
9907,統一實,TSE,M20B 金屬製品
9908,大台北,TSE,M99D2 天然氣
9910,豐泰,TSE,M99K 鞋及旅行箱
9911,櫻花,TSE,M99B 五金及家具
9912,偉聯,TSE,M23C1 顯示器
9914,美利達,TSE,M99Z1 自行健行車
9917,中保科,TSE,M99I 保全業
9918,欣天然,TSE,M99D2 天然氣
9919,康那香,TSE,M14F 不織布
9921,巨大,TSE,M99Z1 自行健行車
9924,福興,TSE,M99B 五金及家具
9925,新保,TSE,M99I 保全業
9926,新海,TSE,M99D2 天然氣
9927,泰銘,TSE,M20A5 鋁鋅
9928,中視,TSE,M99H 電視廣播
9929,秋雨,TSE,M99C 印刷
9930,中聯資源,TSE,M11C 其他水泥
9931,欣高,TSE,M99D2 天然氣
9933,中鼎,TSE,M25C 工程承攬
9934,成霖,TSE,M99B 五金及家具
9935,慶豐富,TSE,M99B 五金及家具
9937,全國,TSE,M99D1 加油站
9938,百和,TSE,M14Z 其他紡織
9939,宏全,TSE,M13B 塑膠製品
9940,信義,TSE,M25D 仲介建經
9941,裕融,TSE,M28K 租賃業
9942,茂順,TSE,M15D 汽車組件
9943,好樂迪,TSE,M27B 觀光遊樂區
9944,新麗,TSE,M14F 不織布
9945,潤泰新,TSE,M25A 建設
9946,三發地產,TSE,M25A 建設
9949,琉園,OTC,M18 玻璃陶瓷
9950,萬國通,OTC,M99K 鞋及旅行箱
9951,皇田,OTC,M15D 汽車組件
9955,佳龍,TSE,M99L1 貴金屬回收
9958,世紀鋼,TSE,M20A2 鋼筋
9960,邁達康,OTC,M29A9 其他零售
9962,有益,OTC,M20A6 不鏽鋼
